Mail Start,Email
Demand Scaling |,abhishek.ti@media.net
Demand Disabling |,abhishek.ti@media.net
Demand Optimization |,abhishek.ti@media.net
Demand EPC Mapping on Publishers |,abhishek.ti@media.net
Demand Bidfloor Optimization |,abhishek.ti@media.net
Demand Response Issue |,abhishek.ti@media.net
Demand Discrepancy Issue |,abhishek.ti@media.net
Demand Demand Test Bidder |,abhishek.ti@media.net
New Onboarding |,abhishek.ti@media.net
Additional Adunits Creation |,abhishek.ti@media.net
Account Transition |,abhishek.ti@media.net
MowX Blocklist |,abhishek.ti@media.net
Crawler Search |,abhishek.ti@media.net
Shutting Publisher |,abhishek.ti@media.net
Email Alias Modification |,abhishek.ti@media.net
Site Vetting & Whitelisting |,abhishek.ti@media.net
Rev Share Changes |,abhishek.ti@media.net
Merging Dashboard |,abhishek.ti@media.net
YBN Scaling |,abhishek.ti@media.net
YBN Disabling |,abhishek.ti@media.net
YBN Scaling Geo |,abhishek.ti@media.net
YBN Disabling Geo |,abhishek.ti@media.net
YBN EPCs Mapping |,abhishek.ti@media.net
YBN Auto Percentage |,abhishek.ti@media.net
ADX Approved |,abhishek.ti@media.net
ADX Disapproved |`,abhishek.ti@media.net
AdX Scaling |,abhishek.ti@media.net
AdX Disabling |,abhishek.ti@media.net
Report |,abhishek.ti@media.net
Forbes LI Pacing Report |,abhishek.ti@media.net
WebMD & Medscape LI Pacing Report |,abhishek.ti@media.net
Forbes - Discrepancy Report |,abhishek.ti@media.net
Churn Report |,abhishek.ti@media.net
